message_id,message_body,sender_id,group_id,timestamp
1,Nullam porttitor lacus at turpis. Donec posuere metus vitae ipsum. Aliquam non mauris.,64,4,2022-02-10 22:22:11
2,"Proin eu mi. Nulla ac enim. In tempor, turpis nec euismod scelerisque, quam turpis adipiscing lorem, vitae mattis nibh ligula nec sem.",91,6,2022-01-31 06:42:37
3,"Donec diam neque, vestibulum eget, vulputate ut, ultrices vel, augue. Vestibulum ante ipsum primis in faucibus orci luctus et ultrices posuere cubilia Curae; Donec pharetra, magna vestibulum aliquet ultrices, erat tortor sollicitudin mi, sit amet lobortis sapien sapien non mi. Integer ac neque.",86,9,2021-10-11 01:19:37
4,"Mauris enim leo, rhoncus sed, vestibulum sit amet, cursus id, turpis. Integer aliquet, massa id lobortis convallis, tortor risus dapibus augue, vel accumsan tellus nisi eu orci. Mauris lacinia sapien quis libero.",32,5,2022-01-17 02:37:55
5,"Proin leo odio, porttitor id, consequat in, consequat ut, nulla. Sed accumsan felis. Ut at dolor quis odio consequat varius.",66,10,2022-02-25 07:30:23
6,"Aenean fermentum. Donec ut mauris eget massa tempor convallis. Nulla neque libero, convallis eget, eleifend luctus, ultricies eu, nibh.",42,5,2021-07-11 18:38:41
7,"Cras mi pede, malesuada in, imperdiet et, commodo vulputate, justo. In blandit ultrices enim. Lorem ipsum dolor sit amet, consectetuer adipiscing elit.",92,10,2022-02-22 07:28:06
8,Nullam porttitor lacus at turpis. Donec posuere metus vitae ipsum. Aliquam non mauris.,64,10,2022-03-03 19:36:50
9,In quis justo. Maecenas rhoncus aliquam lacus. Morbi quis tortor id nulla ultrices aliquet.,10,7,2021-11-09 10:42:53
10,Phasellus in felis. Donec semper sapien a libero. Nam dui.,6,6,2021-08-07 22:02:25
11,Nullam porttitor lacus at turpis. Donec posuere metus vitae ipsum. Aliquam non mauris.,66,6,2022-03-25 15:27:07
12,Integer tincidunt ante vel ipsum. Praesent blandit lacinia erat. Vestibulum sed magna at nunc commodo placerat.,83,1,2021-06-04 13:05:37
13,"Nam ultrices, libero non mattis pulvinar, nulla pede ullamcorper augue, a suscipit nulla elit ac nulla. Sed vel enim sit amet nunc viverra dapibus. Nulla suscipit ligula in lacus.",7,3,2021-05-06 16:41:14
14,Aliquam quis turpis eget elit sodales scelerisque. Mauris sit amet eros. Suspendisse accumsan tortor quis turpis.,83,9,2021-09-26 11:49:28
15,"Quisque porta volutpat erat. Quisque erat eros, viverra eget, congue eget, semper rutrum, nulla. Nunc purus.",33,2,2022-01-12 18:58:56
16,Nullam sit amet turpis elementum ligula vehicula consequat. Morbi a ipsum. Integer a nibh.,49,2,2021-07-24 19:53:31
17,In quis justo. Maecenas rhoncus aliquam lacus. Morbi quis tortor id nulla ultrices aliquet.,38,7,2021-07-11 02:01:59
18,Praesent id massa id nisl venenatis lacinia. Aenean sit amet justo. Morbi ut odio.,81,10,2021-05-28 04:12:24
19,"Cras mi pede, malesuada in, imperdiet et, commodo vulputate, justo. In blandit ultrices enim. Lorem ipsum dolor sit amet, consectetuer adipiscing elit.",15,6,2021-10-09 15:09:49
20,"Sed sagittis. Nam congue, risus semper porta volutpat, quam pede lobortis ligula, sit amet eleifend pede libero quis orci. Nullam molestie nibh in lectus.",84,5,2022-04-15 06:33:07
21,Pellentesque at nulla. Suspendisse potenti. Cras in purus eu magna vulputate luctus.,3,5,2021-05-10 14:38:42
22,"Vestibulum ac est lacinia nisi venenatis tristique. Fusce congue, diam id ornare imperdiet, sapien urna pretium nisl, ut volutpat sapien arcu sed augue. Aliquam erat volutpat.",79,5,2021-06-26 23:01:42
23,"Proin eu mi. Nulla ac enim. In tempor, turpis nec euismod scelerisque, quam turpis adipiscing lorem, vitae mattis nibh ligula nec sem.",56,1,2021-09-05 13:07:05
24,"Maecenas tristique, est et tempus semper, est quam pharetra magna, ac consequat metus sapien ut nunc. Vestibulum ante ipsum primis in faucibus orci luctus et ultrices posuere cubilia Curae; Mauris viverra diam vitae quam. Suspendisse potenti.",75,6,2021-08-08 18:22:58
25,"Fusce posuere felis sed lacus. Morbi sem mauris, laoreet ut, rhoncus aliquet, pulvinar sed, nisl. Nunc rhoncus dui vel sem.",74,3,2022-04-06 11:29:51
26,"Aenean fermentum. Donec ut mauris eget massa tempor convallis. Nulla neque libero, convallis eget, eleifend luctus, ultricies eu, nibh.",85,10,2021-10-01 13:02:04
27,"Morbi porttitor lorem id ligula. Suspendisse ornare consequat lectus. In est risus, auctor sed, tristique in, tempus sit amet, sem.",37,5,2021-06-07 21:28:12
28,Integer ac leo. Pellentesque ultrices mattis odio. Donec vitae nisi.,74,7,2021-11-09 21:35:53
29,Phasellus sit amet erat. Nulla tempus. Vivamus in felis eu sapien cursus vestibulum.,94,7,2021-08-12 21:49:34
30,Etiam vel augue. Vestibulum rutrum rutrum neque. Aenean auctor gravida sem.,76,6,2021-12-28 12:03:35
31,Phasellus sit amet erat. Nulla tempus. Vivamus in felis eu sapien cursus vestibulum.,2,7,2021-06-21 08:18:12
32,Suspendisse potenti. In eleifend quam a odio. In hac habitasse platea dictumst.,84,2,2021-08-04 23:34:54
33,"Mauris enim leo, rhoncus sed, vestibulum sit amet, cursus id, turpis. Integer aliquet, massa id lobortis convallis, tortor risus dapibus augue, vel accumsan tellus nisi eu orci. Mauris lacinia sapien quis libero.",27,8,2022-03-20 05:27:04
34,Phasellus in felis. Donec semper sapien a libero. Nam dui.,81,3,2021-05-31 19:00:22
35,"Maecenas leo odio, condimentum id, luctus nec, molestie sed, justo. Pellentesque viverra pede ac diam. Cras pellentesque volutpat dui.",79,9,2022-01-01 17:19:54
36,In hac habitasse platea dictumst. Etiam faucibus cursus urna. Ut tellus.,82,1,2022-03-11 04:12:12
37,Pellentesque at nulla. Suspendisse potenti. Cras in purus eu magna vulputate luctus.,85,1,2021-12-30 16:26:41
38,"Maecenas leo odio, condimentum id, luctus nec, molestie sed, justo. Pellentesque viverra pede ac diam. Cras pellentesque volutpat dui.",61,10,2021-05-20 20:34:59
39,"Vestibulum quam sapien, varius ut, blandit non, interdum in, ante. Vestibulum ante ipsum primis in faucibus orci luctus et ultrices posuere cubilia Curae; Duis faucibus accumsan odio. Curabitur convallis.",85,4,2021-08-29 13:34:06
40,"Cras mi pede, malesuada in, imperdiet et, commodo vulputate, justo. In blandit ultrices enim. Lorem ipsum dolor sit amet, consectetuer adipiscing elit.",67,1,2022-02-07 21:23:18
41,"Maecenas leo odio, condimentum id, luctus nec, molestie sed, justo. Pellentesque viverra pede ac diam. Cras pellentesque volutpat dui.",37,4,2022-04-21 00:44:30
42,"Proin interdum mauris non ligula pellentesque ultrices. Phasellus id sapien in sapien iaculis congue. Vivamus metus arcu, adipiscing molestie, hendrerit at, vulputate vitae, nisl.",79,2,2022-01-09 12:45:54
43,Suspendisse potenti. In eleifend quam a odio. In hac habitasse platea dictumst.,52,5,2021-05-01 13:36:16
44,Cras non velit nec nisi vulputate nonummy. Maecenas tincidunt lacus at velit. Vivamus vel nulla eget eros elementum pellentesque.,27,9,2022-04-23 07:50:42
45,Fusce consequat. Nulla nisl. Nunc nisl.,81,10,2022-01-04 05:59:22
46,Maecenas ut massa quis augue luctus tincidunt. Nulla mollis molestie lorem. Quisque ut erat.,89,10,2021-06-14 21:17:39
47,Duis aliquam convallis nunc. Proin at turpis a pede posuere nonummy. Integer non velit.,24,7,2021-07-15 16:21:10
48,"Quisque id justo sit amet sapien dignissim vestibulum. Vestibulum ante ipsum primis in faucibus orci luctus et ultrices posuere cubilia Curae; Nulla dapibus dolor vel est. Donec odio justo, sollicitudin ut, suscipit a, feugiat et, eros.",19,2,2022-01-01 13:51:53
49,"Morbi porttitor lorem id ligula. Suspendisse ornare consequat lectus. In est risus, auctor sed, tristique in, tempus sit amet, sem.",93,3,2021-07-27 00:21:37
50,"Quisque id justo sit amet sapien dignissim vestibulum. Vestibulum ante ipsum primis in faucibus orci luctus et ultrices posuere cubilia Curae; Nulla dapibus dolor vel est. Donec odio justo, sollicitudin ut, suscipit a, feugiat et, eros.",44,1,2022-03-12 13:10:51
51,"Mauris enim leo, rhoncus sed, vestibulum sit amet, cursus id, turpis. Integer aliquet, massa id lobortis convallis, tortor risus dapibus augue, vel accumsan tellus nisi eu orci. Mauris lacinia sapien quis libero.",61,7,2022-03-25 18:42:54
52,"Curabitur gravida nisi at nibh. In hac habitasse platea dictumst. Aliquam augue quam, sollicitudin vitae, consectetuer eget, rutrum at, lorem.",59,9,2022-02-15 02:42:29
53,"Vestibulum quam sapien, varius ut, blandit non, interdum in, ante. Vestibulum ante ipsum primis in faucibus orci luctus et ultrices posuere cubilia Curae; Duis faucibus accumsan odio. Curabitur convallis.",61,1,2021-10-30 21:55:27
54,"Donec diam neque, vestibulum eget, vulputate ut, ultrices vel, augue. Vestibulum ante ipsum primis in faucibus orci luctus et ultrices posuere cubilia Curae; Donec pharetra, magna vestibulum aliquet ultrices, erat tortor sollicitudin mi, sit amet lobortis sapien sapien non mi. Integer ac neque.",75,7,2022-03-08 09:10:29
55,Suspendisse potenti. In eleifend quam a odio. In hac habitasse platea dictumst.,71,9,2022-03-05 05:04:10
56,Phasellus sit amet erat. Nulla tempus. Vivamus in felis eu sapien cursus vestibulum.,79,6,2021-08-14 18:38:01
57,"Proin eu mi. Nulla ac enim. In tempor, turpis nec euismod scelerisque, quam turpis adipiscing lorem, vitae mattis nibh ligula nec sem.",19,7,2022-04-16 15:55:02
58,"Morbi porttitor lorem id ligula. Suspendisse ornare consequat lectus. In est risus, auctor sed, tristique in, tempus sit amet, sem.",92,9,2021-07-31 14:28:30
59,"Quisque porta volutpat erat. Quisque erat eros, viverra eget, congue eget, semper rutrum, nulla. Nunc purus.",3,7,2022-04-19 19:56:48
60,"Curabitur in libero ut massa volutpat convallis. Morbi odio odio, elementum eu, interdum eu, tincidunt in, leo. Maecenas pulvinar lobortis est.",25,1,2021-12-13 06:31:18
61,Pellentesque at nulla. Suspendisse potenti. Cras in purus eu magna vulputate luctus.,35,8,2022-01-14 11:38:15
62,Praesent id massa id nisl venenatis lacinia. Aenean sit amet justo. Morbi ut odio.,21,3,2021-12-22 11:54:39
63,"Fusce posuere felis sed lacus. Morbi sem mauris, laoreet ut, rhoncus aliquet, pulvinar sed, nisl. Nunc rhoncus dui vel sem.",82,4,2022-03-07 07:15:17
64,Nulla ut erat id mauris vulputate elementum. Nullam varius. Nulla facilisi.,68,8,2021-12-12 15:44:25
65,Fusce consequat. Nulla nisl. Nunc nisl.,81,10,2022-02-15 19:47:36
66,In congue. Etiam justo. Etiam pretium iaculis justo.,70,8,2022-01-23 21:20:48
67,"Curabitur at ipsum ac tellus semper interdum. Mauris ullamcorper purus sit amet nulla. Quisque arcu libero, rutrum ac, lobortis vel, dapibus at, diam.",3,9,2021-12-27 09:48:39
68,"Aenean fermentum. Donec ut mauris eget massa tempor convallis. Nulla neque libero, convallis eget, eleifend luctus, ultricies eu, nibh.",34,5,2022-03-19 04:23:54
69,Aenean lectus. Pellentesque eget nunc. Donec quis orci eget orci vehicula condimentum.,76,5,2022-02-28 05:25:21
70,Aenean lectus. Pellentesque eget nunc. Donec quis orci eget orci vehicula condimentum.,78,7,2021-12-09 14:26:08
71,Cras non velit nec nisi vulputate nonummy. Maecenas tincidunt lacus at velit. Vivamus vel nulla eget eros elementum pellentesque.,71,1,2021-10-17 10:02:32
72,"Nam ultrices, libero non mattis pulvinar, nulla pede ullamcorper augue, a suscipit nulla elit ac nulla. Sed vel enim sit amet nunc viverra dapibus. Nulla suscipit ligula in lacus.",32,9,2021-07-20 03:22:19
73,Integer tincidunt ante vel ipsum. Praesent blandit lacinia erat. Vestibulum sed magna at nunc commodo placerat.,35,4,2022-04-10 22:28:05
74,Nulla ut erat id mauris vulputate elementum. Nullam varius. Nulla facilisi.,4,3,2021-06-25 02:03:48
75,Etiam vel augue. Vestibulum rutrum rutrum neque. Aenean auctor gravida sem.,19,6,2021-05-16 15:03:24
76,"Quisque porta volutpat erat. Quisque erat eros, viverra eget, congue eget, semper rutrum, nulla. Nunc purus.",27,8,2021-11-11 13:01:32
77,Etiam vel augue. Vestibulum rutrum rutrum neque. Aenean auctor gravida sem.,97,4,2021-11-28 18:48:24
78,"Maecenas tristique, est et tempus semper, est quam pharetra magna, ac consequat metus sapien ut nunc. Vestibulum ante ipsum primis in faucibus orci luctus et ultrices posuere cubilia Curae; Mauris viverra diam vitae quam. Suspendisse potenti.",53,9,2021-08-12 09:51:47
79,"Duis bibendum, felis sed interdum venenatis, turpis enim blandit mi, in porttitor pede justo eu massa. Donec dapibus. Duis at velit eu est congue elementum.",24,1,2021-08-06 20:43:19
80,In hac habitasse platea dictumst. Etiam faucibus cursus urna. Ut tellus.,29,2,2021-10-14 12:38:33
81,"Proin leo odio, porttitor id, consequat in, consequat ut, nulla. Sed accumsan felis. Ut at dolor quis odio consequat varius.",13,6,2021-08-04 20:30:19
82,Nullam sit amet turpis elementum ligula vehicula consequat. Morbi a ipsum. Integer a nibh.,95,2,2021-09-15 02:40:15
83,Cras non velit nec nisi vulputate nonummy. Maecenas tincidunt lacus at velit. Vivamus vel nulla eget eros elementum pellentesque.,95,1,2021-06-10 00:49:05
84,"Duis bibendum, felis sed interdum venenatis, turpis enim blandit mi, in porttitor pede justo eu massa. Donec dapibus. Duis at velit eu est congue elementum.",37,7,2022-03-13 13:57:12
85,"Vestibulum ac est lacinia nisi venenatis tristique. Fusce congue, diam id ornare imperdiet, sapien urna pretium nisl, ut volutpat sapien arcu sed augue. Aliquam erat volutpat.",96,4,2021-08-25 21:42:09
86,Duis bibendum. Morbi non quam nec dui luctus rutrum. Nulla tellus.,89,4,2021-10-31 00:18:21
87,"Mauris enim leo, rhoncus sed, vestibulum sit amet, cursus id, turpis. Integer aliquet, massa id lobortis convallis, tortor risus dapibus augue, vel accumsan tellus nisi eu orci. Mauris lacinia sapien quis libero.",38,10,2021-05-20 22:45:14
88,"In sagittis dui vel nisl. Duis ac nibh. Fusce lacus purus, aliquet at, feugiat non, pretium quis, lectus.",93,6,2021-06-21 17:02:17
89,Phasellus sit amet erat. Nulla tempus. Vivamus in felis eu sapien cursus vestibulum.,61,7,2021-06-18 05:11:49
90,Maecenas ut massa quis augue luctus tincidunt. Nulla mollis molestie lorem. Quisque ut erat.,17,7,2021-12-20 22:41:41
91,In hac habitasse platea dictumst. Etiam faucibus cursus urna. Ut tellus.,84,10,2021-07-31 13:15:46
92,Praesent id massa id nisl venenatis lacinia. Aenean sit amet justo. Morbi ut odio.,55,3,2021-08-10 09:28:37
93,"Fusce posuere felis sed lacus. Morbi sem mauris, laoreet ut, rhoncus aliquet, pulvinar sed, nisl. Nunc rhoncus dui vel sem.",23,1,2022-01-08 18:54:07
94,Sed ante. Vivamus tortor. Duis mattis egestas metus.,91,10,2021-06-12 20:46:46
95,Maecenas ut massa quis augue luctus tincidunt. Nulla mollis molestie lorem. Quisque ut erat.,37,6,2022-01-08 21:40:08
96,"In sagittis dui vel nisl. Duis ac nibh. Fusce lacus purus, aliquet at, feugiat non, pretium quis, lectus.",49,6,2021-04-30 22:08:42
97,Phasellus in felis. Donec semper sapien a libero. Nam dui.,14,9,2021-09-16 19:07:31
98,"Sed sagittis. Nam congue, risus semper porta volutpat, quam pede lobortis ligula, sit amet eleifend pede libero quis orci. Nullam molestie nibh in lectus.",71,10,2021-11-19 01:18:47
99,"Morbi non lectus. Aliquam sit amet diam in magna bibendum imperdiet. Nullam orci pede, venenatis non, sodales sed, tincidunt eu, felis.",21,6,2021-06-25 10:33:07
100,"Maecenas leo odio, condimentum id, luctus nec, molestie sed, justo. Pellentesque viverra pede ac diam. Cras pellentesque volutpat dui.",17,2,2021-10-28 08:08:19
101,Duis bibendum. Morbi non quam nec dui luctus rutrum. Nulla tellus.,75,2,2021-06-01 22:24:14
102,Duis bibendum. Morbi non quam nec dui luctus rutrum. Nulla tellus.,5,3,2022-01-04 01:59:00
103,"Curabitur in libero ut massa volutpat convallis. Morbi odio odio, elementum eu, interdum eu, tincidunt in, leo. Maecenas pulvinar lobortis est.",27,4,2021-10-10 01:33:13
104,"Praesent blandit. Nam nulla. Integer pede justo, lacinia eget, tincidunt eget, tempus vel, pede.",86,5,2021-05-18 23:24:12
105,Cras non velit nec nisi vulputate nonummy. Maecenas tincidunt lacus at velit. Vivamus vel nulla eget eros elementum pellentesque.,48,5,2021-07-08 16:54:49
106,Etiam vel augue. Vestibulum rutrum rutrum neque. Aenean auctor gravida sem.,28,10,2021-11-15 22:04:38
107,Maecenas ut massa quis augue luctus tincidunt. Nulla mollis molestie lorem. Quisque ut erat.,57,7,2021-09-26 17:22:58
108,"Cum sociis natoque penatibus et magnis dis parturient montes, nascetur ridiculus mus. Vivamus vestibulum sagittis sapien. Cum sociis natoque penatibus et magnis dis parturient montes, nascetur ridiculus mus.",56,3,2021-07-04 12:08:27
109,"Curabitur in libero ut massa volutpat convallis. Morbi odio odio, elementum eu, interdum eu, tincidunt in, leo. Maecenas pulvinar lobortis est.",67,9,2021-08-29 06:59:29
110,Fusce consequat. Nulla nisl. Nunc nisl.,40,6,2021-08-02 08:54:59
111,"Curabitur gravida nisi at nibh. In hac habitasse platea dictumst. Aliquam augue quam, sollicitudin vitae, consectetuer eget, rutrum at, lorem.",56,6,2021-10-04 09:21:40
112,Phasellus in felis. Donec semper sapien a libero. Nam dui.,68,2,2021-05-01 19:22:24
113,"Morbi non lectus. Aliquam sit amet diam in magna bibendum imperdiet. Nullam orci pede, venenatis non, sodales sed, tincidunt eu, felis.",66,3,2021-11-13 02:57:08
114,"Lorem ipsum dolor sit amet, consectetuer adipiscing elit. Proin risus. Praesent lectus.",24,10,2022-03-12 08:23:37
115,Duis bibendum. Morbi non quam nec dui luctus rutrum. Nulla tellus.,75,6,2022-01-11 07:40:53
116,"Fusce posuere felis sed lacus. Morbi sem mauris, laoreet ut, rhoncus aliquet, pulvinar sed, nisl. Nunc rhoncus dui vel sem.",62,7,2022-04-21 17:12:01
117,Sed ante. Vivamus tortor. Duis mattis egestas metus.,29,5,2022-04-24 18:12:51
118,"Cum sociis natoque penatibus et magnis dis parturient montes, nascetur ridiculus mus. Vivamus vestibulum sagittis sapien. Cum sociis natoque penatibus et magnis dis parturient montes, nascetur ridiculus mus.",25,1,2022-01-28 14:22:23
119,Cras non velit nec nisi vulputate nonummy. Maecenas tincidunt lacus at velit. Vivamus vel nulla eget eros elementum pellentesque.,50,7,2021-06-01 06:11:56
120,"Fusce posuere felis sed lacus. Morbi sem mauris, laoreet ut, rhoncus aliquet, pulvinar sed, nisl. Nunc rhoncus dui vel sem.",19,9,2021-10-05 02:19:23
121,"Maecenas tristique, est et tempus semper, est quam pharetra magna, ac consequat metus sapien ut nunc. Vestibulum ante ipsum primis in faucibus orci luctus et ultrices posuere cubilia Curae; Mauris viverra diam vitae quam. Suspendisse potenti.",55,7,2021-12-18 12:34:42
122,Integer ac leo. Pellentesque ultrices mattis odio. Donec vitae nisi.,52,8,2022-02-12 07:05:43
123,Sed ante. Vivamus tortor. Duis mattis egestas metus.,6,3,2021-05-13 12:30:18
124,Etiam vel augue. Vestibulum rutrum rutrum neque. Aenean auctor gravida sem.,77,3,2021-08-01 06:55:43
125,Phasellus in felis. Donec semper sapien a libero. Nam dui.,96,8,2021-11-30 16:16:45
126,"Maecenas leo odio, condimentum id, luctus nec, molestie sed, justo. Pellentesque viverra pede ac diam. Cras pellentesque volutpat dui.",6,5,2021-09-11 19:59:37
127,Fusce consequat. Nulla nisl. Nunc nisl.,20,1,2021-09-28 16:06:21
128,"Duis bibendum, felis sed interdum venenatis, turpis enim blandit mi, in porttitor pede justo eu massa. Donec dapibus. Duis at velit eu est congue elementum.",21,8,2022-01-30 05:51:23
129,Praesent id massa id nisl venenatis lacinia. Aenean sit amet justo. Morbi ut odio.,77,9,2021-06-08 08:01:34
130,"Lorem ipsum dolor sit amet, consectetuer adipiscing elit. Proin risus. Praesent lectus.",40,7,2021-11-08 11:09:30
131,Nullam sit amet turpis elementum ligula vehicula consequat. Morbi a ipsum. Integer a nibh.,64,4,2022-04-25 12:36:19
132,"Curabitur at ipsum ac tellus semper interdum. Mauris ullamcorper purus sit amet nulla. Quisque arcu libero, rutrum ac, lobortis vel, dapibus at, diam.",12,4,2021-10-26 00:36:05
133,"Quisque porta volutpat erat. Quisque erat eros, viverra eget, congue eget, semper rutrum, nulla. Nunc purus.",88,4,2022-03-07 01:48:52
134,"Donec diam neque, vestibulum eget, vulputate ut, ultrices vel, augue. Vestibulum ante ipsum primis in faucibus orci luctus et ultrices posuere cubilia Curae; Donec pharetra, magna vestibulum aliquet ultrices, erat tortor sollicitudin mi, sit amet lobortis sapien sapien non mi. Integer ac neque.",28,4,2021-10-20 20:52:02
135,"Sed sagittis. Nam congue, risus semper porta volutpat, quam pede lobortis ligula, sit amet eleifend pede libero quis orci. Nullam molestie nibh in lectus.",30,9,2021-07-10 19:28:14
136,Phasellus in felis. Donec semper sapien a libero. Nam dui.,91,6,2022-02-10 19:18:21
137,"Proin interdum mauris non ligula pellentesque ultrices. Phasellus id sapien in sapien iaculis congue. Vivamus metus arcu, adipiscing molestie, hendrerit at, vulputate vitae, nisl.",55,4,2021-05-06 11:15:51
138,"Maecenas leo odio, condimentum id, luctus nec, molestie sed, justo. Pellentesque viverra pede ac diam. Cras pellentesque volutpat dui.",76,3,2022-03-31 22:47:52
139,Suspendisse potenti. In eleifend quam a odio. In hac habitasse platea dictumst.,24,7,2021-12-10 10:07:58
140,"Curabitur at ipsum ac tellus semper interdum. Mauris ullamcorper purus sit amet nulla. Quisque arcu libero, rutrum ac, lobortis vel, dapibus at, diam.",100,3,2021-10-30 10:22:54
141,"Proin interdum mauris non ligula pellentesque ultrices. Phasellus id sapien in sapien iaculis congue. Vivamus metus arcu, adipiscing molestie, hendrerit at, vulputate vitae, nisl.",26,8,2021-12-21 07:17:46
142,Pellentesque at nulla. Suspendisse potenti. Cras in purus eu magna vulputate luctus.,10,10,2021-06-30 21:08:55
143,"Curabitur gravida nisi at nibh. In hac habitasse platea dictumst. Aliquam augue quam, sollicitudin vitae, consectetuer eget, rutrum at, lorem.",57,8,2021-05-10 17:26:12
144,Integer ac leo. Pellentesque ultrices mattis odio. Donec vitae nisi.,70,5,2022-03-08 23:29:58
145,"Curabitur in libero ut massa volutpat convallis. Morbi odio odio, elementum eu, interdum eu, tincidunt in, leo. Maecenas pulvinar lobortis est.",37,5,2021-07-06 10:39:33
146,"Curabitur gravida nisi at nibh. In hac habitasse platea dictumst. Aliquam augue quam, sollicitudin vitae, consectetuer eget, rutrum at, lorem.",42,1,2022-01-07 00:31:30
147,"Vestibulum quam sapien, varius ut, blandit non, interdum in, ante. Vestibulum ante ipsum primis in faucibus orci luctus et ultrices posuere cubilia Curae; Duis faucibus accumsan odio. Curabitur convallis.",38,10,2021-06-28 05:50:59
148,Nullam sit amet turpis elementum ligula vehicula consequat. Morbi a ipsum. Integer a nibh.,53,3,2021-07-12 18:58:59
149,Aenean lectus. Pellentesque eget nunc. Donec quis orci eget orci vehicula condimentum.,28,5,2021-09-27 02:22:22
150,"Aenean fermentum. Donec ut mauris eget massa tempor convallis. Nulla neque libero, convallis eget, eleifend luctus, ultricies eu, nibh.",79,8,2022-03-24 11:00:59
151,"In sagittis dui vel nisl. Duis ac nibh. Fusce lacus purus, aliquet at, feugiat non, pretium quis, lectus.",13,7,2021-08-06 13:27:11
152,Etiam vel augue. Vestibulum rutrum rutrum neque. Aenean auctor gravida sem.,66,4,2021-08-21 23:20:32
153,In congue. Etiam justo. Etiam pretium iaculis justo.,91,6,2021-10-26 10:46:10
154,"Fusce posuere felis sed lacus. Morbi sem mauris, laoreet ut, rhoncus aliquet, pulvinar sed, nisl. Nunc rhoncus dui vel sem.",58,8,2022-04-14 18:14:18
155,"Cras mi pede, malesuada in, imperdiet et, commodo vulputate, justo. In blandit ultrices enim. Lorem ipsum dolor sit amet, consectetuer adipiscing elit.",3,1,2021-10-04 05:40:12
156,Aliquam quis turpis eget elit sodales scelerisque. Mauris sit amet eros. Suspendisse accumsan tortor quis turpis.,52,10,2021-05-30 09:22:41
157,In congue. Etiam justo. Etiam pretium iaculis justo.,51,9,2022-02-15 02:33:19
158,Integer tincidunt ante vel ipsum. Praesent blandit lacinia erat. Vestibulum sed magna at nunc commodo placerat.,97,9,2021-12-01 20:25:20
159,"Donec diam neque, vestibulum eget, vulputate ut, ultrices vel, augue. Vestibulum ante ipsum primis in faucibus orci luctus et ultrices posuere cubilia Curae; Donec pharetra, magna vestibulum aliquet ultrices, erat tortor sollicitudin mi, sit amet lobortis sapien sapien non mi. Integer ac neque.",11,10,2021-12-06 23:45:07
160,Integer tincidunt ante vel ipsum. Praesent blandit lacinia erat. Vestibulum sed magna at nunc commodo placerat.,33,8,2022-02-25 06:18:46
161,Praesent id massa id nisl venenatis lacinia. Aenean sit amet justo. Morbi ut odio.,97,8,2021-12-15 09:01:26
162,"Donec diam neque, vestibulum eget, vulputate ut, ultrices vel, augue. Vestibulum ante ipsum primis in faucibus orci luctus et ultrices posuere cubilia Curae; Donec pharetra, magna vestibulum aliquet ultrices, erat tortor sollicitudin mi, sit amet lobortis sapien sapien non mi. Integer ac neque.",57,7,2021-10-19 13:37:24
163,"Proin interdum mauris non ligula pellentesque ultrices. Phasellus id sapien in sapien iaculis congue. Vivamus metus arcu, adipiscing molestie, hendrerit at, vulputate vitae, nisl.",79,10,2021-05-30 16:05:47
164,Duis bibendum. Morbi non quam nec dui luctus rutrum. Nulla tellus.,20,3,2021-09-03 04:01:11
165,Sed ante. Vivamus tortor. Duis mattis egestas metus.,32,2,2021-05-31 02:00:26
166,Suspendisse potenti. In eleifend quam a odio. In hac habitasse platea dictumst.,95,6,2022-03-25 04:36:03
167,"Curabitur in libero ut massa volutpat convallis. Morbi odio odio, elementum eu, interdum eu, tincidunt in, leo. Maecenas pulvinar lobortis est.",56,3,2021-12-09 07:46:41
168,"Duis bibendum, felis sed interdum venenatis, turpis enim blandit mi, in porttitor pede justo eu massa. Donec dapibus. Duis at velit eu est congue elementum.",44,2,2022-02-11 21:11:36
169,Nullam sit amet turpis elementum ligula vehicula consequat. Morbi a ipsum. Integer a nibh.,35,1,2021-05-23 05:17:03
170,In hac habitasse platea dictumst. Etiam faucibus cursus urna. Ut tellus.,39,10,2021-08-18 06:17:22
171,Etiam vel augue. Vestibulum rutrum rutrum neque. Aenean auctor gravida sem.,8,6,2021-10-21 19:57:28
172,"Proin eu mi. Nulla ac enim. In tempor, turpis nec euismod scelerisque, quam turpis adipiscing lorem, vitae mattis nibh ligula nec sem.",14,9,2021-08-16 19:50:43
173,Pellentesque at nulla. Suspendisse potenti. Cras in purus eu magna vulputate luctus.,21,4,2021-09-05 17:23:44
174,"Curabitur gravida nisi at nibh. In hac habitasse platea dictumst. Aliquam augue quam, sollicitudin vitae, consectetuer eget, rutrum at, lorem.",92,2,2022-04-17 17:41:22
175,"Quisque porta volutpat erat. Quisque erat eros, viverra eget, congue eget, semper rutrum, nulla. Nunc purus.",39,1,2022-03-07 09:10:29
176,Fusce consequat. Nulla nisl. Nunc nisl.,16,4,2022-02-21 16:48:22
177,"Lorem ipsum dolor sit amet, consectetuer adipiscing elit. Proin risus. Praesent lectus.",41,3,2021-11-08 11:08:26
178,"Donec diam neque, vestibulum eget, vulputate ut, ultrices vel, augue. Vestibulum ante ipsum primis in faucibus orci luctus et ultrices posuere cubilia Curae; Donec pharetra, magna vestibulum aliquet ultrices, erat tortor sollicitudin mi, sit amet lobortis sapien sapien non mi. Integer ac neque.",30,8,2021-12-11 04:44:44
179,In hac habitasse platea dictumst. Etiam faucibus cursus urna. Ut tellus.,24,5,2021-11-26 23:11:15
180,Nullam porttitor lacus at turpis. Donec posuere metus vitae ipsum. Aliquam non mauris.,72,5,2022-02-21 11:52:49
181,Pellentesque at nulla. Suspendisse potenti. Cras in purus eu magna vulputate luctus.,7,9,2021-06-13 06:49:57
182,"Maecenas leo odio, condimentum id, luctus nec, molestie sed, justo. Pellentesque viverra pede ac diam. Cras pellentesque volutpat dui.",80,1,2021-05-21 19:05:11
183,Maecenas ut massa quis augue luctus tincidunt. Nulla mollis molestie lorem. Quisque ut erat.,76,5,2021-08-04 11:08:25
184,Sed ante. Vivamus tortor. Duis mattis egestas metus.,40,9,2021-11-17 18:54:04
185,Suspendisse potenti. In eleifend quam a odio. In hac habitasse platea dictumst.,59,5,2021-12-27 16:55:03
186,Pellentesque at nulla. Suspendisse potenti. Cras in purus eu magna vulputate luctus.,8,8,2021-10-23 02:35:25
187,Phasellus in felis. Donec semper sapien a libero. Nam dui.,93,9,2022-03-18 16:16:05
188,In hac habitasse platea dictumst. Etiam faucibus cursus urna. Ut tellus.,51,2,2022-02-27 17:31:37
189,"Cum sociis natoque penatibus et magnis dis parturient montes, nascetur ridiculus mus. Vivamus vestibulum sagittis sapien. Cum sociis natoque penatibus et magnis dis parturient montes, nascetur ridiculus mus.",44,2,2021-10-22 22:45:57
190,"Cras mi pede, malesuada in, imperdiet et, commodo vulputate, justo. In blandit ultrices enim. Lorem ipsum dolor sit amet, consectetuer adipiscing elit.",36,5,2022-03-23 11:30:45
191,Fusce consequat. Nulla nisl. Nunc nisl.,27,4,2021-11-16 06:57:29
192,"Curabitur in libero ut massa volutpat convallis. Morbi odio odio, elementum eu, interdum eu, tincidunt in, leo. Maecenas pulvinar lobortis est.",65,2,2022-04-20 23:08:19
193,Fusce consequat. Nulla nisl. Nunc nisl.,59,7,2022-03-29 10:03:14
194,In hac habitasse platea dictumst. Etiam faucibus cursus urna. Ut tellus.,29,1,2021-08-27 03:55:30
195,"Quisque porta volutpat erat. Quisque erat eros, viverra eget, congue eget, semper rutrum, nulla. Nunc purus.",33,5,2022-03-25 05:20:33
196,"Curabitur gravida nisi at nibh. In hac habitasse platea dictumst. Aliquam augue quam, sollicitudin vitae, consectetuer eget, rutrum at, lorem.",83,4,2021-12-19 21:48:26
197,Duis bibendum. Morbi non quam nec dui luctus rutrum. Nulla tellus.,42,2,2021-08-19 02:00:12
198,"Morbi non lectus. Aliquam sit amet diam in magna bibendum imperdiet. Nullam orci pede, venenatis non, sodales sed, tincidunt eu, felis.",40,3,2021-06-13 12:23:39
199,"Morbi porttitor lorem id ligula. Suspendisse ornare consequat lectus. In est risus, auctor sed, tristique in, tempus sit amet, sem.",80,4,2021-05-27 12:05:42
200,"Proin eu mi. Nulla ac enim. In tempor, turpis nec euismod scelerisque, quam turpis adipiscing lorem, vitae mattis nibh ligula nec sem.",48,7,2021-08-02 06:29:38
201,"In sagittis dui vel nisl. Duis ac nibh. Fusce lacus purus, aliquet at, feugiat non, pretium quis, lectus.",60,8,2022-01-11 04:04:52
202,Nullam sit amet turpis elementum ligula vehicula consequat. Morbi a ipsum. Integer a nibh.,5,2,2022-01-19 23:28:02
203,Duis consequat dui nec nisi volutpat eleifend. Donec ut dolor. Morbi vel lectus in quam fringilla rhoncus.,23,9,2021-11-16 00:53:05
204,Suspendisse potenti. In eleifend quam a odio. In hac habitasse platea dictumst.,95,10,2022-02-15 15:28:58
205,Suspendisse potenti. In eleifend quam a odio. In hac habitasse platea dictumst.,48,7,2021-12-09 20:58:14
206,"Proin leo odio, porttitor id, consequat in, consequat ut, nulla. Sed accumsan felis. Ut at dolor quis odio consequat varius.",84,6,2022-02-10 13:00:03
207,"Morbi non lectus. Aliquam sit amet diam in magna bibendum imperdiet. Nullam orci pede, venenatis non, sodales sed, tincidunt eu, felis.",52,8,2022-02-24 17:12:46
208,"Vestibulum quam sapien, varius ut, blandit non, interdum in, ante. Vestibulum ante ipsum primis in faucibus orci luctus et ultrices posuere cubilia Curae; Duis faucibus accumsan odio. Curabitur convallis.",44,9,2022-02-07 21:15:14
209,"Nam ultrices, libero non mattis pulvinar, nulla pede ullamcorper augue, a suscipit nulla elit ac nulla. Sed vel enim sit amet nunc viverra dapibus. Nulla suscipit ligula in lacus.",95,8,2022-02-06 13:43:21
210,"Quisque porta volutpat erat. Quisque erat eros, viverra eget, congue eget, semper rutrum, nulla. Nunc purus.",6,6,2021-09-13 19:30:49
211,"Maecenas leo odio, condimentum id, luctus nec, molestie sed, justo. Pellentesque viverra pede ac diam. Cras pellentesque volutpat dui.",83,7,2022-04-12 16:07:42
212,Duis aliquam convallis nunc. Proin at turpis a pede posuere nonummy. Integer non velit.,35,6,2021-10-06 03:59:30
213,"Proin leo odio, porttitor id, consequat in, consequat ut, nulla. Sed accumsan felis. Ut at dolor quis odio consequat varius.",61,4,2022-03-31 00:40:50
214,Duis consequat dui nec nisi volutpat eleifend. Donec ut dolor. Morbi vel lectus in quam fringilla rhoncus.,33,10,2021-06-19 17:52:20
215,In quis justo. Maecenas rhoncus aliquam lacus. Morbi quis tortor id nulla ultrices aliquet.,92,3,2021-08-19 18:01:41
216,"Duis bibendum, felis sed interdum venenatis, turpis enim blandit mi, in porttitor pede justo eu massa. Donec dapibus. Duis at velit eu est congue elementum.",75,5,2021-06-13 09:00:01
217,Nulla ut erat id mauris vulputate elementum. Nullam varius. Nulla facilisi.,46,8,2021-07-12 07:15:09
218,"In hac habitasse platea dictumst. Morbi vestibulum, velit id pretium iaculis, diam erat fermentum justo, nec condimentum neque sapien placerat ante. Nulla justo.",74,1,2021-07-30 15:37:36
219,"Vestibulum ac est lacinia nisi venenatis tristique. Fusce congue, diam id ornare imperdiet, sapien urna pretium nisl, ut volutpat sapien arcu sed augue. Aliquam erat volutpat.",67,4,2021-12-12 11:14:15
220,"Sed sagittis. Nam congue, risus semper porta volutpat, quam pede lobortis ligula, sit amet eleifend pede libero quis orci. Nullam molestie nibh in lectus.",39,7,2021-12-22 06:58:01
221,"Maecenas tristique, est et tempus semper, est quam pharetra magna, ac consequat metus sapien ut nunc. Vestibulum ante ipsum primis in faucibus orci luctus et ultrices posuere cubilia Curae; Mauris viverra diam vitae quam. Suspendisse potenti.",47,10,2022-04-24 01:18:26
222,Nulla ut erat id mauris vulputate elementum. Nullam varius. Nulla facilisi.,63,4,2021-12-04 11:01:00
223,Sed ante. Vivamus tortor. Duis mattis egestas metus.,48,6,2021-06-26 05:42:00
224,Cras non velit nec nisi vulputate nonummy. Maecenas tincidunt lacus at velit. Vivamus vel nulla eget eros elementum pellentesque.,96,6,2022-03-08 03:53:25
225,Pellentesque at nulla. Suspendisse potenti. Cras in purus eu magna vulputate luctus.,93,5,2021-10-02 10:25:37
226,Praesent id massa id nisl venenatis lacinia. Aenean sit amet justo. Morbi ut odio.,7,9,2021-05-28 14:21:26
227,"Proin interdum mauris non ligula pellentesque ultrices. Phasellus id sapien in sapien iaculis congue. Vivamus metus arcu, adipiscing molestie, hendrerit at, vulputate vitae, nisl.",78,1,2021-05-09 05:34:58
228,"Proin eu mi. Nulla ac enim. In tempor, turpis nec euismod scelerisque, quam turpis adipiscing lorem, vitae mattis nibh ligula nec sem.",87,4,2022-03-24 11:36:03
229,"Proin interdum mauris non ligula pellentesque ultrices. Phasellus id sapien in sapien iaculis congue. Vivamus metus arcu, adipiscing molestie, hendrerit at, vulputate vitae, nisl.",15,7,2021-05-17 22:05:31
230,"Morbi porttitor lorem id ligula. Suspendisse ornare consequat lectus. In est risus, auctor sed, tristique in, tempus sit amet, sem.",15,9,2022-02-03 23:31:35
231,"Curabitur gravida nisi at nibh. In hac habitasse platea dictumst. Aliquam augue quam, sollicitudin vitae, consectetuer eget, rutrum at, lorem.",63,10,2022-04-06 09:50:33
232,Integer tincidunt ante vel ipsum. Praesent blandit lacinia erat. Vestibulum sed magna at nunc commodo placerat.,41,3,2021-12-17 15:01:13
233,"Proin eu mi. Nulla ac enim. In tempor, turpis nec euismod scelerisque, quam turpis adipiscing lorem, vitae mattis nibh ligula nec sem.",50,6,2022-02-05 04:51:01
234,Duis aliquam convallis nunc. Proin at turpis a pede posuere nonummy. Integer non velit.,1,1,2021-06-11 12:33:28
235,Nullam porttitor lacus at turpis. Donec posuere metus vitae ipsum. Aliquam non mauris.,71,5,2021-11-08 08:23:59
236,Aliquam quis turpis eget elit sodales scelerisque. Mauris sit amet eros. Suspendisse accumsan tortor quis turpis.,87,3,2021-10-24 01:09:33
237,"Proin leo odio, porttitor id, consequat in, consequat ut, nulla. Sed accumsan felis. Ut at dolor quis odio consequat varius.",47,1,2021-11-19 12:52:59
238,Duis bibendum. Morbi non quam nec dui luctus rutrum. Nulla tellus.,51,6,2021-05-21 13:41:57
239,Nullam sit amet turpis elementum ligula vehicula consequat. Morbi a ipsum. Integer a nibh.,86,4,2021-11-18 23:43:52
240,"Aenean fermentum. Donec ut mauris eget massa tempor convallis. Nulla neque libero, convallis eget, eleifend luctus, ultricies eu, nibh.",32,6,2022-03-10 19:38:53
241,"Quisque id justo sit amet sapien dignissim vestibulum. Vestibulum ante ipsum primis in faucibus orci luctus et ultrices posuere cubilia Curae; Nulla dapibus dolor vel est. Donec odio justo, sollicitudin ut, suscipit a, feugiat et, eros.",14,5,2022-04-06 16:18:13
242,Pellentesque at nulla. Suspendisse potenti. Cras in purus eu magna vulputate luctus.,18,3,2022-01-28 03:32:38
243,"Aenean fermentum. Donec ut mauris eget massa tempor convallis. Nulla neque libero, convallis eget, eleifend luctus, ultricies eu, nibh.",20,9,2021-12-01 16:24:51
244,"Sed sagittis. Nam congue, risus semper porta volutpat, quam pede lobortis ligula, sit amet eleifend pede libero quis orci. Nullam molestie nibh in lectus.",31,6,2021-08-26 21:43:34
245,Duis consequat dui nec nisi volutpat eleifend. Donec ut dolor. Morbi vel lectus in quam fringilla rhoncus.,35,2,2022-02-03 22:30:56
246,In quis justo. Maecenas rhoncus aliquam lacus. Morbi quis tortor id nulla ultrices aliquet.,79,2,2022-03-06 01:13:36
247,"Curabitur gravida nisi at nibh. In hac habitasse platea dictumst. Aliquam augue quam, sollicitudin vitae, consectetuer eget, rutrum at, lorem.",95,5,2021-08-30 03:26:33
248,"Maecenas tristique, est et tempus semper, est quam pharetra magna, ac consequat metus sapien ut nunc. Vestibulum ante ipsum primis in faucibus orci luctus et ultrices posuere cubilia Curae; Mauris viverra diam vitae quam. Suspendisse potenti.",37,3,2021-12-01 07:45:37
249,"Curabitur gravida nisi at nibh. In hac habitasse platea dictumst. Aliquam augue quam, sollicitudin vitae, consectetuer eget, rutrum at, lorem.",97,1,2021-07-13 00:06:42
250,"Donec diam neque, vestibulum eget, vulputate ut, ultrices vel, augue. Vestibulum ante ipsum primis in faucibus orci luctus et ultrices posuere cubilia Curae; Donec pharetra, magna vestibulum aliquet ultrices, erat tortor sollicitudin mi, sit amet lobortis sapien sapien non mi. Integer ac neque.",61,1,2021-09-04 23:21:26
